{"type":"target_back","data":{"target":"minecraft:hands.item","mov":{"e":0.5,"pos":{"x":0.0,"y":-0.05,"z":0.0},"rot":{"i":-0.026176654,"j":0.026176654,"k":0.026176648,"r":0.99965733}},"ret":{"e":1.0,"pos":{"x":0.0,"y":0.05,"z":0.0},"rot":{"i":0.026176654,"j":-0.026176654,"k":-0.026176648,"r":0.99965733}}}}